8.869262373838702335e-03,2.770297266509325063e-02,3.220516660390500621e-03,4.791621086309120342e-02,5.979432424520392600e-03,1.740135661298044048e-02,2.043071651600049388e-02,3.170141433867422693e-04,1.837772103917500414e-04,2.223285521839391335e-04,3.571692669874785208e-04,1.700766694335073418e-04,3.173811590938931863e-05,1.119422832255657961e-04,0.000000000000000000e+00,0.000000000000000000e+00
2.030368050497947680e-03,1.758808800122470262e-02,2.373962930185535662e-03,4.028412059732858208e-02,5.122223042218399316e-03,2.463560714297360205e-02,3.442570079589515192e-02,2.228150206302387942e-02,5.704409880025859171e-03,7.673949633651696439e-03,3.573132300739612077e-02,3.025391987818035894e-02,3.398095446538561271e-02,6.747004739381284866e-02,2.942583502926464367e-02,7.274193157127528848e-03
7.607058164560373884e-03,2.646263973156295912e-02,3.339451179309380936e-03,5.587274261692769250e-02,6.881644975631076924e-03,1.981606508853486076e-02,2.340525690375927156e-02,2.491763637394763518e-04,1.769238910160513326e-04,2.031009650075040580e-04,3.465689970553955009e-04,1.653009161381837136e-04,0.000000000000000000e+00,1.054434531170624529e-04,0.000000000000000000e+00,0.000000000000000000e+00
8.135190830682778249e-03,3.014178373978174119e-02,3.193198038091852112e-03,3.920439624077444452e-02,5.035502124956677678e-03,1.476176479577716999e-02,1.705139136894889829e-02,4.284152332085848459e-04,2.030339653968764595e-04,2.608894885549810729e-04,3.907994544459395350e-04,1.857112047629664816e-04,7.770982594225288884e-05,1.182385297701966123e-04,0.000000000000000000e+00,0.000000000000000000e+00
9.837853872191370044e-03,3.047673965862305462e-02,3.294300545970960288e-03,4.287735521703008035e-02,5.446819434202514534e-03,1.600949807654589163e-02,1.863120628709757226e-02,4.052987794815524460e-04,2.022447510921220070e-04,2.556872229690954372e-04,3.903216464350961045e-04,1.855892723821585505e-04,6.570695558711912875e-05,1.230115719052203029e-04,0.000000000000000000e+00,0.000000000000000000e+00
2.435297488327596137e-03,2.132668639787388062e-02,2.830901350345857610e-03,4.797376916687862841e-02,6.021739580796992876e-03,2.352550122808230032e-02,3.113086658206849072e-02,1.431202331638856302e-02,3.709382808348814318e-03,4.976134240732838290e-03,2.292999265031727199e-02,1.936366754175790697e-02,2.167479626681012919e-02,4.307248680532420326e-02,1.876930737451074777e-02,4.639853622910129066e-03
9.569928906349525061e-03,1.967321711710014881e-02,1.877672765555346264e-03,1.906751128996432565e-02,2.493104579751935154e-03,7.691143331934459197e-03,8.900741807421506599e-03,2.933139307052451471e-04,1.248009935282356727e-04,1.662161148810852311e-04,2.387617002004556270e-04,1.133146771697664886e-04,6.411721543514270320e-05,8.584310383879014403e-05,0.000000000000000000e+00,0.000000000000000000e+00
6.106527519545199879e-03,4.653029751221113286e-02,5.404752543095358262e-03,7.685002041907072756e-02,9.716876687187857992e-03,2.778976818017889899e-02,3.222448202644797449e-02,6.032149925384496783e-04,3.249722940047312372e-04,4.014676401296993799e-04,6.295107414154749214e-04,2.995531270192666696e-04,7.938115235973727140e-05,1.695972268582032121e-04,0.000000000000000000e+00,0.000000000000000000e+00
4.328582386979002751e-03,2.836691861233412576e-02,2.961817143178051281e-03,3.189842957951752322e-02,4.369796732328681647e-03,2.380447437997566459e-02,3.348868358010602397e-02,2.477662846501717253e-02,6.335990470841856501e-03,8.547072848357031502e-03,3.941193926853023277e-02,3.332786583043044482e-02,3.747407331186992929e-02,7.424163097191868732e-02,3.236433915169628639e-02,8.000604032411956501e-03
5.913697425042277293e-03,1.403514170350793865e-02,1.805289253380242421e-03,3.006709661837766653e-02,3.823976757508532227e-03,2.048642866525993145e-02,2.927546890956674031e-02,2.060420485838225860e-02,5.259866212409760114e-03,7.080588607974518459e-03,3.304864643264006363e-02,2.799961893272797167e-02,3.147377205321856553e-02,6.249266018408003442e-02,2.725473838970872767e-02,6.737488716855442872e-03
3.065362094695228950e-03,2.696220112801012148e-02,3.554888201964754788e-03,6.020982819529460683e-02,7.517411276948453638e-03,2.653805564037409886e-02,3.399966492002115537e-02,1.167978362156872271e-02,3.070314477648189867e-03,4.105671039506462311e-03,1.869252871732890800e-02,1.573633556249161985e-02,1.754345238704357185e-02,3.489776882348485237e-02,1.519176679721450686e-02,3.755470183635314756e-03
5.308908914967715512e-03,3.505575727982342127e-02,3.530074879640931508e-03,3.667445709422738342e-02,4.874120885076918888e-03,1.419115977452530333e-02,1.602190454577186868e-02,5.734406679709721935e-04,2.439910198612079361e-04,3.249592670752917225e-04,4.667888378831299475e-04,2.215348040609923315e-04,1.253517647769515652e-04,1.285873220434151224e-04,0.000000000000000000e+00,0.000000000000000000e+00
5.248546663162592316e-03,4.044501787126111164e-02,4.743327612155873174e-03,6.857836359331589970e-02,8.651147046044338138e-03,2.472076334989620899e-02,2.870208898894847233e-02,5.143537153255003849e-04,2.825426518133559951e-04,3.470779050611169235e-04,5.478098027641145271e-04,2.607248760503540512e-04,6.350592955756221300e-05,1.473489560793372541e-04,0.000000000000000000e+00,0.000000000000000000e+00
9.296324404020313639e-03,2.594711014430547448e-03,1.762552540838432924e-04,1.820453150030521515e-03,2.540069306529015654e-04,7.046368246428812154e-03,1.166435362994979082e-02,1.256173279007572786e-02,3.172336977064987070e-03,4.281110175501464353e-03,2.016485451385441677e-02,1.712315438766716033e-02,1.930424117990281116e-02,3.832080662780394664e-02,1.671652327787288839e-02,4.132396552822813554e-03
6.533079143422109054e-03,2.100969489822201997e-02,2.639834613905605795e-03,4.409771293652427204e-02,5.428404435155997562e-03,1.566496911011991400e-02,1.851742882412167265e-02,1.965562133544059128e-04,1.395617527607946845e-04,1.602108482979525659e-04,2.733818276538669406e-04,1.303932750784746707e-04,0.000000000000000000e+00,8.473539780534074587e-05,0.000000000000000000e+00,0.000000000000000000e+00
1.221659464660370016e-02,9.065560168453608986e-03,9.204346100622274370e-04,1.404336216975208412e-02,1.672179203091211583e-03,5.469169795760017196e-03,6.754522633873720656e-03,6.054766481306792680e-05,4.299094942192749000e-05,4.935174816718286550e-05,8.421321811345937000e-05,4.016666875391185465e-05,0.000000000000000000e+00,5.598147732996275832e-05,0.000000000000000000e+00,0.000000000000000000e+00
1.758039687847323673e-03,1.463730980413889202e-02,2.097877156149083842e-03,3.576372728030887543e-02,4.747959657383204676e-03,3.676791713952078100e-02,5.584778043741181475e-02,5.110554006578692243e-02,1.296775908793638271e-02,1.748089751367711692e-02,8.200885078508385329e-02,6.956882188517868326e-02,7.832958712187862438e-02,1.554315106632691290e-01,6.782956938148079762e-02,1.676776169495180005e-02
5.049222128747729403e-03,3.315189636628771558e-02,3.430735997603216909e-03,3.663170088653457113e-02,4.982853689424976071e-03,2.422941849117325047e-02,3.315683634587301282e-02,2.187115220336315058e-02,5.615944160771836266e-03,7.574765507372648900e-03,3.468520490629804082e-02,2.928996359758345019e-02,3.290465006456141928e-02,6.516069566231544319e-02,2.839244630971399230e-02,7.018735014820530992e-03
7.059891502373941488e-03,2.443751911448302332e-03,2.942293426272394241e-04,4.245067340215223986e-03,7.115501548333980856e-04,1.854159451523653204e-02,3.072146367830692892e-02,3.518920876993028579e-02,8.886674317949441737e-03,1.199268303587961576e-02,5.648784981829058083e-02,4.796712878842688405e-02,5.407701185630699181e-02,1.072925748699273679e-01,4.682803219609976697e-02,1.157609124851839699e-02
6.037673448875858703e-03,4.565825644874040024e-02,5.268582253268199768e-03,7.404358276412444095e-02,9.377288914776144707e-03,2.683474843466662069e-02,3.108913042470730012e-02,5.995685436564196632e-04,3.188276775336996516e-04,3.953915625309540921e-04,6.172312306026232461e-04,2.936721293946148448e-04,8.211256503518318188e-05,1.664711007249525341e-04,0.000000000000000000e+00,0.000000000000000000e+00
1.278717913023188699e-02,3.406686941897531934e-02,3.310820927015702825e-03,3.388744758908097954e-02,4.456252798626687307e-03,1.347497658307299576e-02,1.546494521979368403e-02,5.242784579504073967e-04,2.230731840125727678e-04,2.970998622085042960e-04,4.267701015691099291e-04,2.025421842967754858e-04,1.146051084433186471e-04,1.407936204768120523e-04,0.000000000000000000e+00,0.000000000000000000e+00
9.587111575717746420e-04,7.712937679330966051e-03,1.163292756805857364e-03,1.990467909590448031e-02,2.731504101575977714e-03,2.707387987061552967e-02,4.230272235871956193e-02,4.234323551269600361e-02,1.072443820879450532e-02,1.446304465714095579e-02,6.795735789881138245e-02,5.767138055069208347e-02,6.496653628422817406e-02,1.288988057297452139e-01,5.625782469029127347e-02,1.390717656746217473e-02
1.045790293243354513e-02,1.998959880852621551e-02,1.896352560417845830e-03,1.920550679348854636e-02,2.506216939409710524e-03,7.784434362626885782e-03,9.033777917929662615e-03,2.948566007493656424e-04,1.254573781524830566e-04,1.670903202782193385e-04,2.400174554988722658e-04,1.139106500838680289e-04,6.445443674381491758e-05,8.874734396043505399e-05,0.000000000000000000e+00,0.000000000000000000e+00
3.237511095034944532e-03,2.123453367938952369e-02,2.208337461406419469e-03,2.369285091608069535e-02,3.235588802509740698e-03,1.679184239205119139e-02,2.335712796243901573e-02,1.651964603505798324e-02,4.231046486205349011e-03,5.707280753138580486e-03,2.624758666861793863e-02,2.218402549255835826e-02,2.493551576463569341e-02,4.939283065041532444e-02,2.152815738448761798e-02,5.321853227820456597e-03
1.763318560517791733e-02,2.003777215894193831e-02,1.788746965749338051e-03,1.760913463764925135e-02,2.249450102571705964e-03,7.507120601343742969e-03,8.957130009660051184e-03,2.646479641765664566e-04,1.126040239038322231e-04,1.499715895213390169e-04,2.154271968244307188e-04,1.022402807537953987e-04,5.785095338902497726e-05,1.038027495517004315e-04,0.000000000000000000e+00,0.000000000000000000e+00
5.538091315145628538e-03,4.202568226657604766e-02,4.864120595408770453e-03,6.872874701066664094e-02,8.697636624701163971e-03,2.488286589081691730e-02,2.883976388115252337e-02,5.486373784968123822e-04,2.934845765857604710e-04,3.633236076986041431e-04,5.683273577785081902e-04,2.704201258419130106e-04,7.380058472308992530e-05,1.532045704658710397e-04,0.000000000000000000e+00,0.000000000000000000e+00
1.099717469824652155e-02,2.047054488565623956e-02,1.988364246251123936e-03,2.067378994490184224e-02,2.761286294229989714e-03,1.388722285803017237e-02,1.911989622984096304e-02,1.199577538678445535e-02,3.080781274736326888e-03,4.155322140537200289e-03,1.902131782583228042e-02,1.606154441568382468e-02,1.804296884191615435e-02,3.575356890603303278e-02,1.556809681894833625e-02,3.848500585871831008e-03
2.348121870666682737e-03,1.729404679505896700e-02,2.025793924899127896e-03,2.810334843092187479e-02,3.658800029416467772e-03,1.705153217700867627e-02,2.342460080828340577e-02,1.461229891134274012e-02,3.750974254443998658e-03,5.050213904264931608e-03,2.331767498892214907e-02,1.971464101553548759e-02,2.213667432111612529e-02,4.390710312827599687e-02,1.913984949822922221e-02,4.731453231828611911e-03
4.600519483057235667e-03,3.396689171540191732e-02,3.836209984202016907e-03,5.182148706067238320e-02,6.600064164644236717e-03,1.892653025108228387e-02,2.185937111756951212e-02,4.643298715375623127e-04,2.370584720706185773e-04,2.976043008045118655e-04,4.580314064275754250e-04,2.178362312131936981e-04,7.116162805937909983e-05,1.239691281039021929e-04,0.000000000000000000e+00,0.000000000000000000e+00
3.109664863131981517e-03,2.282124297722607983e-02,2.666602755882199402e-03,3.679835827449490226e-02,4.797485801021458135e-03,2.257409195483693620e-02,3.107720366497295633e-02,1.962756039734979072e-02,5.036472894368406762e-03,6.781603000674005753e-03,3.132120374532196272e-02,2.648356268460444821e-02,2.974038222417974692e-02,5.898693045331330348e-02,2.571405309771361558e-02,6.356624676899669084e-03
8.514902010484002096e-03,1.782622124513095346e-02,2.270274450072426019e-03,3.766917158076044797e-02,4.788098718909000219e-03,2.597522546669803548e-02,3.720656459188825121e-02,2.635306154668096840e-02,6.725736764684353552e-03,9.054403214214554879e-03,4.227047237171655675e-02,3.581450492273476061e-02,4.026111307437946207e-02,7.994187167878288869e-02,3.486414346095137451e-02,8.618566424386790714e-03
8.292381722685725209e-03,2.352862643087911404e-02,2.623150894531556775e-03,3.654631817436554408e-02,4.593656433703963149e-03,1.348016126707862576e-02,1.578527725054069963e-02,2.889965169848785409e-04,1.547747646804109437e-04,1.915397341109321017e-04,2.997348257022341934e-04,1.426207342049093125e-04,3.873579314305193539e-05,9.652723148258839331e-05,0.000000000000000000e+00,0.000000000000000000e+00
8.326773165366306573e-03,3.976381290310855576e-02,4.450861544525650665e-03,6.023158116888144287e-02,7.646134817857291183e-03,2.211190262096915382e-02,2.564413633875021331e-02,5.294551716927338881e-04,2.720990350348221959e-04,3.409092511518100948e-04,5.259052042459360417e-04,2.501336219621247458e-04,7.976619848461708340e-05,1.512386274540949657e-04,0.000000000000000000e+00,0.000000000000000000e+00
8.908813311165620849e-03,2.533114111826289053e-03,1.846870137942210573e-04,2.026206355842811828e-03,2.944469817190452149e-04,8.050400510618647282e-03,1.332917853284653828e-02,1.456166686354432721e-02,3.677399846892071694e-03,4.962699113535776370e-03,2.337526985246562647e-02,1.984930534768550650e-02,2.237763959900026037e-02,4.441633451956244344e-02,1.937793512702172191e-02,4.790309024707570598e-03
9.698398378809040994e-04,7.793761489365727373e-03,1.177419095295208652e-03,2.014872299376435638e-02,2.767813854385108713e-03,2.761531130140625068e-02,4.317695730332418019e-02,4.330289506337128141e-02,1.096707063976242943e-02,1.479039262770117692e-02,6.949773021720972999e-02,5.897908345287074250e-02,6.644035163285486045e-02,1.318226321239527876e-01,5.753407628459135392e-02,1.422267145842441745e-02
1.659420980236212678e-02,1.793589700627862271e-02,1.997303880945033687e-03,3.180260391596107655e-02,3.848587676324055455e-03,1.186063807186216353e-02,1.435970213714856357e-02,1.393528852643326817e-04,9.894539881421785161e-05,1.135850329020674952e-04,1.938201078065739005e-04,9.244520328893456843e-05,0.000000000000000000e+00,9.510303515766189801e-05,0.000000000000000000e+00,0.000000000000000000e+00
4.981288940571943630e-03,3.273768858999232673e-02,3.372236287215707624e-03,3.584413765068291541e-02,4.857389979001061793e-03,2.209723230117307397e-02,2.969514282575961422e-02,1.798790269943344178e-02,4.634311857519436868e-03,6.250081501634872742e-03,2.845595777415374159e-02,2.400203433569168474e-02,2.694436403433429772e-02,5.333845997240960202e-02,2.323217969879210962e-02,5.743094883188227216e-03
6.939807303636773804e-03,1.492234412482291994e-02,1.471368715894811555e-03,1.542372904389891115e-02,2.072733266447973274e-03,1.075302999961281515e-02,1.492716837234830431e-02,9.903648385489141615e-03,2.539255350305877866e-03,3.425098623591187053e-03,1.572321169675673647e-02,1.328416738967366090e-02,1.492835279183941759e-02,2.958128677407286314e-02,1.288541904657045621e-02,3.185331086171928547e-03
8.908312151688945954e-03,1.622670311964835230e-02,2.014944527833289947e-03,3.322156310053216155e-02,4.178191053158357426e-03,2.023901049932339685e-02,2.828854374789679937e-02,1.748971808260635710e-02,4.480250461763251625e-03,6.026323535640357686e-03,2.804584243419891432e-02,2.374362053867567698e-02,2.666435374334612599e-02,5.296609074568267572e-02,2.309001871071353351e-02,5.707952074643856712e-03
1.087504877461846660e-02,2.961900342705628148e-03,1.812964287130655432e-04,1.685327273266276280e-03,2.166467396356577054e-04,6.195807174972273873e-03,1.025197564451426138e-02,1.071411101322700295e-02,2.705739017987369380e-03,3.651430136805346779e-03,1.719894010145597146e-02,1.460462342830849344e-02,1.646490866220217536e-02,3.269308045088317044e-02,1.425780098553137282e-02,3.524589812370408203e-03
1.933753714098223339e-03,1.661428241167095532e-02,2.270790360086430686e-03,3.857143414718829794e-02,4.950835314921960689e-03,2.703422548427043826e-02,3.881118703296500272e-02,2.858033146786784912e-02,7.290162141014170163e-03,9.815492272808857416e-03,4.584490658347058212e-02,3.884755774059869132e-02,4.367731575729311838e-02,8.670070368518209558e-02,3.782240693987592300e-02,9.349861897700366409e-03
9.364801656022440218e-03,2.386922878324534980e-02,2.374255695784082288e-03,2.493256673035421436e-02,3.352947680510242560e-03,1.651220910397484948e-02,2.263528081325958535e-02,1.434985617323273829e-02,3.686376741855275883e-03,4.972098914690695030e-03,2.274946347552875281e-02,1.920776750115114895e-02,2.157602761674078801e-02,4.274210027516520821e-02,1.861540661054015416e-02,4.601808691201709350e-03
7.204083438382895971e-03,4.756996295934421554e-02,4.790241155762487747e-03,4.976650630025251931e-02,6.614084759650156256e-03,1.925712057610710903e-02,2.174140469129684505e-02,7.781475412730880659e-04,3.310909441939388306e-04,4.409632396377984281e-04,6.334231364819534887e-04,3.006183075512230962e-04,1.700998429367848249e-04,1.744904295696713564e-04,0.000000000000000000e+00,0.000000000000000000e+00
5.951185822252950085e-03,1.378487855851054204e-02,1.425635810661304978e-03,1.560106723887125582e-02,2.170514196943688478e-03,1.684794742069521678e-02,2.528091818194653367e-02,2.275596824135706769e-02,5.781670939259906869e-03,7.800924476623592035e-03,3.636966025280475440e-02,3.082210010518045967e-02,3.470435245918929851e-02,6.881231993501017719e-02,3.001408064549592955e-02,7.419610007050200795e-03
8.664859591521498899e-03,1.162200246565849721e-02,1.412993486381211757e-03,2.300478888508519087e-02,2.920605685627717524e-03,1.720407432993589086e-02,2.501249929395431282e-02,1.856703425058299495e-02,4.731106879098711908e-03,6.371491994674995107e-03,2.978515496981137822e-02,2.524457063209588001e-02,2.839116051927435477e-02,5.637534994651349080e-02,2.458534843629968034e-02,6.077604023235642916e-03
6.442233756370122251e-03,1.982895939468024699e-02,2.231464071498644088e-03,3.140978020344207394e-02,3.947110229666596706e-03,1.153766285323656882e-02,1.350041822707723389e-02,2.431087115178307825e-04,1.314322549663156771e-04,1.622029332717778009e-04,2.546417876787697605e-04,1.211756432853304446e-04,3.163788360060327100e-05,8.023044545402011540e-05,0.000000000000000000e+00,0.000000000000000000e+00
1.083927679306599320e-02,2.975297991977907380e-03,1.885418759709073786e-04,1.819752362518036858e-03,2.412941751526555603e-04,6.820387697804372248e-03,1.128728366603652493e-02,1.193303247387106185e-02,3.013565150445318263e-03,4.066845522206879657e-03,1.915562667714248990e-02,1.626616015304590407e-02,1.833808605331992483e-02,3.640877462304554363e-02,1.587988046383815438e-02,3.925574845749460300e-03
1.123008026929456053e-02,3.188162674185509964e-03,2.311225800983605157e-04,2.524054473481083735e-03,3.657145270996521222e-04,1.000931630312915099e-02,1.657233803811717851e-02,1.808615282687862230e-02,4.567472684252951547e-03,6.163864030287007946e-03,2.903298824804452852e-02,2.465360410931958027e-02,2.779389293031930483e-02,5.516728659289876074e-02,2.406814408411408687e-02,5.949748879761774210e-03
9.505652053839354701e-03,1.845759149043938938e-02,1.868342464968655425e-03,2.019013299678048753e-02,2.783476212224347476e-03,2.058191802976837292e-02,3.064237370741144939e-02,2.668778418191429871e-02,6.785491022348807966e-03,9.155119967221611588e-03,4.263147127801376196e-02,3.612018750325000221e-02,4.066364365060392422e-02,8.062922228614616271e-02,3.516262504188736454e-02,8.692352356762673635e-03
6.062211138923651738e-03,4.594068965439486452e-02,5.310972801198237704e-03,7.488547170785422868e-02,9.479544395686941016e-03,2.712274657455229082e-02,3.143076237644591708e-02,6.011254130086463683e-04,3.208151118465112843e-04,3.974305224558411713e-04,6.211846326847475768e-04,2.955637414487549751e-04,8.143499324238595506e-05,1.674861476457431542e-04,0.000000000000000000e+00,0.000000000000000000e+00
8.533671069296089318e-03,9.289542332424283871e-03,1.090224829645647202e-03,1.750231366371897412e-02,2.212744782920095504e-03,1.329601566842459129e-02,1.938909976582097600e-02,1.436724929983574511e-02,3.660167436724260683e-03,4.929475614741877197e-03,2.304824530298237029e-02,1.953555264804036906e-02,2.197182969229634353e-02,4.363348421886675127e-02,1.902652370977990851e-02,4.703438608826606207e-03
7.805998555096279462e-03,1.320782478510567487e-02,1.238927615396729146e-03,1.248387884701135722e-02,1.623008155370666639e-03,5.106341157429194165e-03,5.956597494616092114e-03,1.909470246393781977e-04,8.124530031341177841e-05,1.082064957069996455e-04,1.554335866063280883e-04,7.376772184503566315e-05,4.174023199670543296e-05,6.049850742574802194e-05,0.000000000000000000e+00,0.000000000000000000e+00
1.150258844789515608e-02,1.531438498305413322e-02,1.398066079884328862e-03,1.391174852178297255e-02,1.791757289226821471e-03,5.819252302154895307e-03,6.872889877408072494e-03,2.108003722110950899e-04,8.969262327503934869e-05,1.194570568133889864e-04,1.715944931459401372e-04,8.143757804797542522e-05,4.608009188779166603e-05,7.523640992772877474e-05,0.000000000000000000e+00,0.000000000000000000e+00
1.192830882946862951e-02,3.544345980218949893e-02,3.749099319118213286e-03,4.679973271469421714e-02,5.977153369525967791e-03,1.765657589037104153e-02,2.050447220004626356e-02,4.863559595372426861e-04,2.343723405188912130e-04,2.995597676437277410e-04,4.515168374166658553e-04,2.146047325031934304e-04,8.523957309573960788e-05,1.439776677467533115e-04,0.000000000000000000e+00,0.000000000000000000e+00
8.781422594969586284e-03,2.610502610401213563e-02,3.009226937889471643e-03,4.430585379759333087e-02,5.532860192407602559e-03,1.614118602066598809e-02,1.895310420798707041e-02,3.012368396441595124e-04,1.724134111407962713e-04,2.093277739294125913e-04,3.348981522648439941e-04,1.594530563061749930e-04,3.186207922501902242e-05,1.063415212782811372e-04,0.000000000000000000e+00,0.000000000000000000e+00
1.098190152077256274e-02,2.065642925646332326e-02,2.054334678749510264e-03,2.185934503094197692e-02,2.976610448402490679e-03,1.938766900806304649e-02,2.823869707985953575e-02,2.269963785792688746e-02,5.783909380005591502e-03,7.803229805105938582e-03,3.620391042264459180e-02,3.065232632905600524e-02,3.449230144085104616e-02,6.838389375761999567e-02,2.981243459843387414e-02,7.369762235721303775e-03
6.704742824122464362e-03,4.408256178552139026e-02,4.531959134510710197e-03,4.807800957468815611e-02,6.504735843336050503e-03,2.871489487574411387e-02,3.825347108462311130e-02,2.216945448836571755e-02,5.722194125590102445e-03,7.716807679355240472e-03,3.502261051051087926e-02,2.952196864011015151e-02,3.312742604057129087e-02,6.556518389802014346e-02,2.855152030221739037e-02,7.058058790903499677e-03
6.505431389222210772e-03,1.789402429411818957e-02,2.284786705751155889e-03,3.813063047574632297e-02,4.787146920755208993e-03,2.088138655307454628e-02,2.846738910166746184e-02,1.550836944438928854e-02,3.990640284932761572e-03,5.362222573865300587e-03,2.486021935874839495e-02,2.102634784913462451e-02,2.358337600162183773e-02,4.685520665383372668e-02,2.042204354099999217e-02,5.048417121647099000e-03
1.678716996473511927e-02,1.443441748983253885e-02,1.527527892546551086e-03,2.377341650955517097e-02,2.852485940026892354e-03,9.073941535644858628e-03,1.110505207782479936e-02,1.032851994938466245e-04,7.333608655565029214e-05,8.418665146797563127e-05,1.436550700959518220e-04,6.851828898867210068e-05,0.000000000000000000e+00,8.362957860486986263e-05,0.000000000000000000e+00,0.000000000000000000e+00
4.966202639979309420e-03,1.427900062308504886e-02,1.456241781868642358e-03,1.560773394038950275e-02,2.133827079892761710e-03,1.292525898094678063e-02,1.858142125322219743e-02,1.454772127544541951e-02,3.711399166862451148e-03,5.006951092839375013e-03,2.318122066696680708e-02,1.961837775516021842e-02,2.207023191773621953e-02,4.374368053614120788e-02,1.907066754769954492e-02,4.714351155689081724e-03
1.101997711596425233e-02,2.921172872148425012e-02,2.838103458002634756e-03,2.904519595256744788e-02,3.819127803133864820e-03,1.155226465065772347e-02,1.326015297211818877e-02,4.493206570236785331e-04,1.911796834009423158e-04,2.546225259970474344e-04,3.657533883515640886e-04,1.735840676708610042e-04,9.821964233535767632e-05,1.208425819084002018e-04,0.000000000000000000e+00,0.000000000000000000e+00
7.094001220440930219e-03,1.456336549746077048e-02,1.869166567349016738e-03,3.102539202721364686e-02,3.971700622518118534e-03,2.352090002895676144e-02,3.425496634840179827e-02,2.616892865112094638e-02,6.665763769999820745e-03,8.977683176428444961e-03,4.198120472055855146e-02,3.558411499729569744e-02,4.002340042152627980e-02,7.945633453533078316e-02,3.465829599676811118e-02,8.567680044649909898e-03
6.664278616004855674e-03,1.519238612867257303e-02,1.520148547581549794e-03,1.612912537788518258e-02,2.188971480703883442e-03,1.281123443326072364e-02,1.827919811490511318e-02,1.372883200958147087e-02,3.506059497294683035e-03,4.729778974984637750e-03,2.185999925105521630e-02,1.849387333446237541e-02,2.080065767935027066e-02,4.122821419586052138e-02,1.796967805014314246e-02,4.442181809900624771e-03
1.090683127629278257e-02,2.621199308698446070e-02,2.912736285097057912e-03,4.098981998247493153e-02,5.131936077256626580e-03,1.515854180321936362e-02,1.782054124722032978e-02,3.109215608996176864e-04,1.693415588158330072e-04,2.085369640587030635e-04,3.282007086788872293e-04,1.561911469031027153e-04,3.950458890587199779e-05,1.110202158512821921e-04,0.000000000000000000e+00,0.000000000000000000e+00
3.439908797038259379e-03,2.427785971190976957e-02,2.713685314014885677e-03,3.465052374896993720e-02,4.556314539404678586e-03,2.059600332832626016e-02,2.794369306348828269e-02,1.673832007954765763e-02,4.306154041575059772e-03,5.799631857704217949e-03,2.663179448241848740e-02,2.249431463105231940e-02,2.524888712439764607e-02,5.005126268581645832e-02,2.181084866755324952e-02,5.391735730553531662e-03
9.700572054227661611e-03,2.484381743376049695e-02,2.524441773202831720e-03,2.706758039462884430e-02,3.703419538262682584e-03,2.330377404376304806e-02,3.374603655819351233e-02,2.700202517524154591e-02,6.883482627457570939e-03,9.286551176795422580e-03,4.305066096135549969e-02,3.644329580567324395e-02,4.100453536064974785e-02,8.128053554942667180e-02,3.543742601037323109e-02,8.760284339747825486e-03
1.178580161972801396e-02,3.135464612595113831e-02,3.305416664209513168e-03,4.144175207745507544e-02,5.279550611700818512e-03,1.567202370922273283e-02,1.824904076490833915e-02,4.230355950232662725e-04,2.050579982859942595e-04,2.616061028217636923e-04,3.951637582038394726e-04,1.878324530770253875e-04,7.322053321379759906e-05,1.299388117365994752e-04,0.000000000000000000e+00,0.000000000000000000e+00
6.758313941352509999e-03,2.324153844366583926e-02,2.600900523073009125e-03,3.592466027228832792e-02,4.532244073777869607e-03,1.321400045250746731e-02,1.541470136651744600e-02,2.945924047987100560e-04,1.555337376074197669e-04,1.932948543791898968e-04,3.010018014004181000e-04,1.432032363297897808e-04,4.120508268260729813e-05,9.235942869591642695e-05,0.000000000000000000e+00,0.000000000000000000e+00
1.127444168082778614e-02,3.789751058724188937e-02,3.729396395380524601e-03,3.837578055783501252e-02,5.065786236653494617e-03,1.511234644469396961e-02,1.724451129533743562e-02,5.959901101835092530e-04,2.535854935531519803e-04,3.377376600697586800e-04,4.851444037039967343e-04,2.302462306152247291e-04,1.302809798360769192e-04,1.505005433874578315e-04,0.000000000000000000e+00,0.000000000000000000e+00
4.427412302884087096e-03,3.584236368738013406e-02,4.374784959674362164e-03,6.748195042548062184e-02,8.439867670588359350e-03,2.403945110824425024e-02,2.804504461047268443e-02,4.182165207552626511e-04,2.506553094628481606e-04,3.004708439958002787e-04,4.878336522765345596e-04,2.323651014945344315e-04,3.556316616231187429e-05,1.303235350212575817e-04,0.000000000000000000e+00,0.000000000000000000e+00
2.353093801768925506e-04,1.069014440918631542e-03,3.444710402391581994e-04,6.114933752706048879e-03,1.106007381696606177e-03,2.814298050451158675e-02,4.664695712210524536e-02,5.469681144924834482e-02,1.381311960600588827e-02,1.864098528252888104e-02,8.780263548649885896e-02,7.455834020753390745e-02,8.405531765666496291e-02,1.667401873329639461e-01,7.278777037345915413e-02,1.799345033527900012e-02
4.757503735380902606e-03,4.217531498392152606e-02,5.493692665929077179e-03,9.295537278974659590e-02,1.149304564728237735e-02,3.259352642660132138e-02,3.827112014077843627e-02,4.161498206929828544e-04,2.954808570832759707e-04,3.391992278160621196e-04,5.788054044048183879e-04,2.760693092191261505e-04,0.000000000000000000e+00,1.528309783557322155e-04,0.000000000000000000e+00,0.000000000000000000e+00
1.311384790126930364e-02,1.608724644839926859e-02,1.452450004882979099e-03,1.437701643760061314e-02,1.844294210617448406e-03,6.070246470462361404e-03,7.205551538976007198e-03,2.169813447404426424e-04,9.232254102486653726e-05,1.229597109067170251e-04,1.766258924608344520e-04,8.382544590366908211e-05,4.743122698836460793e-05,8.117289461368640908e-05,0.000000000000000000e+00,0.000000000000000000e+00
7.667341515257927731e-03,1.837031531169102533e-02,2.303372814018677696e-03,3.826789779062903657e-02,4.767963136091691798e-03,1.877382639427152555e-02,2.486967127395115981e-02,1.086138256129992943e-02,2.818331025827034830e-03,3.779788124733913807e-03,1.740001350761983395e-02,1.469004908393356339e-02,1.643795534698560060e-02,3.268523041843224286e-02,1.423446074039898257e-02,3.518820003246593726e-03
8.658938049788834218e-03,3.595933175472058874e-02,4.000260810700864353e-03,5.392987045802301316e-02,6.840951369786343536e-03,1.986039938399798005e-02,2.306557494120505675e-02,4.755371792991287642e-04,2.439945427087497208e-04,3.058474985039781016e-04,4.715483571402266996e-04,2.242764014207597836e-04,7.194637036079641211e-05,1.391030164270956723e-04,0.000000000000000000e+00,0.000000000000000000e+00
4.250582972259844827e-03,1.918024805445106822e-03,3.285263790166618515e-04,5.257809229635816012e-03,9.179579414602097656e-04,2.361377070715667270e-02,3.913321844963965623e-02,4.539695961646159073e-02,1.146453726124506065e-02,1.547154274005944213e-02,7.287394990287431040e-02,6.188152233722819806e-02,6.976377160027137647e-02,1.384019808373592175e-01,6.041199449591705406e-02,1.493410523553824476e-02
4.081667592653047058e-03,2.935915159081153164e-02,3.333988340460913337e-03,4.406222921021599181e-02,5.749107972706762187e-03,2.492496895283419223e-02,3.350148154020523433e-02,1.883041434272276354e-02,4.854444785814155360e-03,6.534583878980631394e-03,2.996146312955382668e-02,2.529617883954447116e-02,2.837681463527296291e-02,5.626265625503744372e-02,2.451432611625272220e-02,6.060046999824919393e-03
1.297237855212201446e-02,3.543683191139593031e-03,2.198391132085539073e-04,2.074225442417712562e-03,2.700009661302017771e-04,7.685022560502944959e-03,1.271696438044864902e-02,1.335270648273997364e-02,3.372089283140691438e-03,4.550678520952510138e-03,2.143457340561923108e-02,1.820134677421221883e-02,2.051976989598982767e-02,4.074280006384238539e-02,1.776911135362411673e-02,4.392600858674758010e-03
1.485215613501827785e-02,3.967719998606700563e-03,2.213774531688845299e-04,1.833650862278527914e-03,2.110795051002486034e-04,6.305103155690480743e-03,1.042667974860112326e-02,1.043878737369586390e-02,2.636208852289625721e-03,3.557598270258712902e-03,1.675697391509062273e-02,1.422932415510705373e-02,1.604180509608932673e-02,3.186542074564795851e-02,1.389141410992396526e-02,3.434017398681750953e-03
9.187001718206005280e-03,2.733471270592285896e-03,2.315457324895656317e-04,2.822924510354905998e-03,4.365302168074070119e-04,1.168143011857625257e-02,1.934720358549438940e-02,2.158829258805435372e-02,5.451902217096114313e-03,7.357413233900286439e-03,3.465483516609760284e-02,2.942744230664031194e-02,3.317580573846908021e-02,6.583733826872288641e-02,2.872861583736695604e-02,7.101837569947888097e-03
1.552770608496545704e-02,2.588933160715792617e-02,2.424927534926326223e-03,2.441819022651341500e-02,3.173006040881874625e-03,9.999809792081357229e-03,1.167270941212702334e-02,3.733043858493709840e-04,1.588358184366870946e-04,2.115453723413704586e-04,3.038750653382753177e-04,1.442170369026491545e-04,8.160279899709427178e-05,1.190569224320865314e-04,0.000000000000000000e+00,0.000000000000000000e+00
5.541914847359385131e-03,2.066839691511954905e-03,2.812992206992205547e-04,4.230721030040573115e-03,7.213328945619103174e-04,1.869463399835557399e-02,3.097759238322092892e-02,3.567300723207679491e-02,9.008852665201587742e-03,1.215756431092342854e-02,5.726447242014358341e-02,4.862660434791302166e-02,5.482048907810561922e-02,1.087629565908120183e-01,4.747184689821321024e-02,1.173524501580874152e-02
8.114328671496279883e-04,6.652897554555782869e-03,9.756569646527663963e-04,1.666066249713110334e-02,2.245906547009733720e-03,1.965828565293379834e-02,3.031089500289436967e-02,2.912730768253224758e-02,7.383271071587883469e-03,9.955228341289422064e-03,4.674404631862312531e-02,3.966201613082719069e-02,4.466912040528097511e-02,8.863199963198815923e-02,3.868126097773637306e-02,9.562174314967796310e-03
1.049735729927639763e-02,2.901822041982597602e-03,1.895001988462309290e-04,1.885610925089430861e-03,2.560156981353987828e-04,7.173218699046171078e-03,1.187266040220906135e-02,1.266107496269937467e-02,3.197424825442476883e-03,4.314966554488566114e-03,2.032432458788979365e-02,1.725856973103323186e-02,1.945690525035474044e-02,3.862716128670241889e-02,1.684872285327299740e-02,4.165076857248984667e-03
7.846327655754378044e-03,1.061772937311149072e-02,1.083590967741131315e-03,1.203999858705475864e-02,1.699918518166484895e-03,1.711425714137655707e-02,2.654356933062523155e-02,2.594303145673136635e-02,6.575618613143674809e-03,8.872841452101083368e-03,4.153565298878844625e-02,3.522808447618867161e-02,3.968524382945051027e-02,7.871332446305052966e-02,3.433923151826370757e-02,8.488805931344002229e-03
5.967625393082895933e-03,4.566463004509400958e-02,5.323550938755652016e-03,7.617823008681555430e-02,9.623471319669028856e-03,2.751365472390899375e-02,3.191980137267092649e-02,5.877434955346434297e-04,3.189564520592902972e-04,3.931952378107366982e-04,6.180662904525193639e-04,2.941282397277966416e-04,7.556351685187726378e-05,1.664129273450389533e-04,0.000000000000000000e+00,0.000000000000000000e+00
1.121381607980303195e-02,3.267703096754477621e-02,4.081324985798266691e-03,6.802817667219698827e-02,8.367896666042052775e-03,2.421968851934469188e-02,2.866231648013056743e-02,3.029918094838705183e-04,2.151347305795351457e-04,2.469653540649796239e-04,4.214186528486866872e-04,2.010015032662386555e-04,0.000000000000000000e+00,1.339668626462921924e-04,0.000000000000000000e+00,0.000000000000000000e+00
4.304688186861389300e-03,3.225328045344490191e-02,3.796924646453155028e-03,5.370815140597112736e-02,6.923261462177045765e-03,2.880739892601433955e-02,3.842672334179136201e-02,2.011276411209375961e-02,5.195869295743113687e-03,6.987748568895340781e-03,3.204363449546089593e-02,2.704928548113898559e-02,3.032153125307203781e-02,6.015013832556367901e-02,2.620685881316408769e-02,6.478448372287005409e-03
2.831033511502294674e-03,2.470281783078748239e-02,3.297322119176498197e-03,5.590297306662607435e-02,7.047556392328590581e-03,2.968207679872265914e-02,4.012623975730948006e-02,2.144709754526298931e-02,5.525886479349630120e-03,7.422958244375069126e-03,3.437679742973104302e-02,2.906728139226833277e-02,3.259053230599961298e-02,6.473771845935424873e-02,2.822179783470016301e-02,6.976549976809363722e-03
6.374817783830513153e-03,1.686134190992400611e-02,1.720321627278917093e-03,1.849699111050046377e-02,2.536179854567744644e-03,1.625817106344291246e-02,2.362796537735988370e-02,1.918212028024104260e-02,4.888064136591228903e-03,6.594602276034958535e-03,3.059183865946545414e-02,2.590006792429623214e-02,2.914416534170876510e-02,5.777167170941541890e-02,2.518945596092306630e-02,6.226942005230525282e-03
2.452014308730974569e-03,2.152854827903560170e-02,2.846366017240940360e-03,4.822032647366388675e-02,6.033757052785733085e-03,2.223999989717320019e-02,2.890368368024404458e-02,1.142823514477419623e-02,2.982277527290388627e-03,3.994531459521893577e-03,1.830021477849321648e-02,1.543093380870126999e-02,1.723921889493334678e-02,3.427458615447142448e-02,1.492831555842332597e-02,3.690343902714290913e-03
8.477192587876413929e-03,1.729553336069280384e-02,2.143994074438217070e-03,3.544714175455714045e-02,4.417717844028213464e-03,1.811553408197306286e-02,2.427369937401393368e-02,1.144888284606850569e-02,2.960695079538379522e-03,3.973788151829305004e-03,1.834591788775724944e-02,1.550006439896530440e-02,1.736096114896979598e-02,3.451417733680882394e-02,1.503373836186507571e-02,3.716404873784050732e-03
8.244609193371841074e-03,2.937200649870143430e-03,3.718540391745082225e-04,5.461669813879901567e-03,9.223151031515958208e-04,2.397653261246469880e-02,3.972801800439350328e-02,4.561243996083510360e-02,1.151895461557907868e-02,1.554497967032489152e-02,7.321985200631023205e-02,6.217524799322451251e-02,7.009491099057915675e-02,1.390705531358232827e-01,6.069874491903461122e-02,1.500499117517498614e-02
7.869914106471188192e-03,5.470476521415280902e-02,5.825945524541346898e-03,6.965694241858684521e-02,9.038491075569728486e-03,2.609476684708886274e-02,2.983593267467476301e-02,8.251980100050136050e-04,3.812426962620276945e-04,4.939310230443553487e-04,7.328080799838868585e-04,3.481349030898636850e-04,1.572365596891888719e-04,2.001852364948802877e-04,0.000000000000000000e+00,0.000000000000000000e+00
9.598932856121488930e-03,2.506226154809185550e-02,3.107023247902434247e-03,5.164598908001856448e-02,6.346727224297328898e-03,1.843869214073823315e-02,2.185184188381579171e-02,2.298076138767565606e-04,1.631714044703697812e-04,1.873137060192466062e-04,3.196298118397466722e-04,1.524518960758058494e-04,0.000000000000000000e+00,1.048111954133241363e-04,0.000000000000000000e+00,0.000000000000000000e+00
3.631376816480164256e-03,2.845842392685325739e-02,3.384738306142449481e-03,5.010197180764149050e-02,6.300251332028107033e-03,1.798167572411510026e-02,2.091457424414885219e-02,3.515560795884538218e-04,1.988794647423672345e-04,2.422565727343962516e-04,3.861082055378601391e-04,1.838155874475644303e-04,3.897760314167065062e-05,1.036086727754179917e-04,0.000000000000000000e+00,0.000000000000000000e+00
5.592528147719023901e-03,3.919445777501776029e-02,4.209357802161011602e-03,5.128716975369584929e-02,6.634892344166830325e-03,1.913474568529889216e-02,2.191338396471478184e-02,5.834960871201543779e-04,2.732046310463580535e-04,3.524254568248890210e-04,5.255232705614657721e-04,2.496987174848484640e-04,1.083941544649925335e-04,1.433743265265021935e-04,0.000000000000000000e+00,0.000000000000000000e+00
2.215631666835071560e-03,1.428260459784661332e-02,1.608070756706490943e-03,1.852520511245702578e-02,2.672385701587461082e-03,2.565322781023963994e-02,3.962854448822170778e-02,3.944494097375459557e-02,9.999653328261852436e-03,1.349300106926369994e-02,6.314446901097540976e-02,5.355224058160865802e-02,6.032557158042810980e-02,1.196212930068164676e-01,5.219712590731269419e-02,1.290335433876680163e-02
1.065019633915098747e-02,3.274866333938282470e-02,4.103956505407050162e-03,6.848928887823080291e-02,8.428185002814010673e-03,2.435353393803183289e-02,2.880248746176304261e-02,3.051747800651681834e-04,2.166847156721041809e-04,2.487446698274814200e-04,4.244548554547764594e-04,2.024496624398289832e-04,0.000000000000000000e+00,1.330451109660220539e-04,0.000000000000000000e+00,0.000000000000000000e+00
7.900373377246075121e-03,2.248837459004296088e-02,2.804515278277818369e-03,4.672000846931551044e-02,5.745746672721856879e-03,1.664289562020541263e-02,1.970137986591947304e-02,2.080468068240811578e-04,1.477204740625635664e-04,1.695767070302037563e-04,2.893636141868796328e-04,1.380160110354639665e-04,0.000000000000000000e+00,9.257432893962244625e-05,0.000000000000000000e+00,0.000000000000000000e+00
6.074633220611509385e-03,4.453664968521584000e-02,4.997416996966934540e-03,6.667269180438219200e-02,8.506944830092517951e-03,2.441098146219047166e-02,2.816576126629792565e-02,6.159640728998493379e-04,3.107753547895144501e-04,3.915631219249648531e-04,6.001115048596945920e-04,2.853730734018914512e-04,9.724166362632183629e-05,1.625944688634215125e-04,0.000000000000000000e+00,0.000000000000000000e+00
3.025198188821702841e-03,2.663910149722300072e-02,3.506151949535198618e-03,5.937591362914811099e-02,7.402966216078755123e-03,2.540322035055976591e-02,3.222641770341261314e-02,9.904610375081598916e-03,2.620710493108424806e-03,3.499331928558497076e-03,1.584352332462454424e-02,1.331855230598871440e-02,1.481982916206038732e-02,2.949388335649039128e-02,1.283324306057645123e-02,3.172432957710781976e-03
8.328728743300393977e-03,3.498500564359652981e-02,3.974541650431728280e-03,5.571165668064649579e-02,7.029293510252829398e-03,2.035339681010787591e-02,2.370306853379702122e-02,4.444007675696652311e-04,2.374887995974241887e-04,2.940889767111793491e-04,4.598711644472371204e-04,2.188126165930672992e-04,5.996046189563662232e-05,1.352360116077257982e-04,0.000000000000000000e+00,0.000000000000000000e+00
2.975290285256156162e-03,2.618367352469561093e-02,3.449450655833421597e-03,5.842016477026202442e-02,7.289268229520994881e-03,2.540027900043014333e-02,3.239674765793695149e-02,1.059882491404807135e-02,2.793909730624371569e-03,3.733728961351926411e-03,1.695891093116611362e-02,1.426808905034983484e-02,1.589377617339746487e-02,3.162256778661882983e-02,1.376322834447915935e-02,3.402329325364122740e-03
4.629505769544650998e-03,3.421121873912604666e-02,3.866945144586203358e-03,5.231727438416396841e-02,6.661721004876592842e-03,1.910177279106016479e-02,2.206446498504625875e-02,4.669801389305446720e-04,2.387685362321677611e-04,2.996145985159055867e-04,4.613694419175167882e-04,2.194271891878957486e-04,7.129354511882456092e-05,1.248561346214181918e-04,0.000000000000000000e+00,0.000000000000000000e+00
2.300643925715209134e-03,1.679645100588160467e-02,1.972733849447497537e-03,2.719870378407219028e-02,3.569262869871097157e-03,1.836633290368593074e-02,2.582079508011580343e-02,1.803738880257543462e-02,4.613333186112694544e-03,6.214824502488371961e-03,2.881662290377548508e-02,2.438700718042462537e-02,2.740850122985737797e-02,5.436249247901663723e-02,2.370487548377741768e-02,5.859947317150542706e-03
3.792710076853524331e-03,1.504357573950708144e-03,2.229700834426529487e-04,3.439014961566897940e-03,5.921567738184822056e-04,1.529906574730321121e-02,2.535223509064257752e-02,2.928469370273110994e-02,7.395549503217542682e-03,9.980390627020335401e-03,4.700956451365508049e-02,3.991856377199582556e-02,4.500324911892146507e-02,8.928349664426737942e-02,3.897060000781396583e-02,9.633700169394261020e-03
6.167764852364456853e-03,1.909998896659343770e-03,1.808190904520011726e-04,2.348006385769724029e-03,3.751105191984936650e-04,9.928937063057150306e-03,1.644732521747303486e-02,1.855082495901267531e-02,4.684820872724614928e-03,6.322226942983471057e-03,2.977890810621317344e-02,2.528700817794170275e-02,2.850797776703722919e-02,5.656898459207895802e-02,2.468650642657168812e-02,6.102610714121173285e-03
1.510574829119253927e-02,1.890712380603605872e-02,2.160992860387159556e-03,3.479080809135277202e-02,4.227208308231453909e-03,1.283060005831789842e-02,1.545113647769959762e-02,1.530622981488264343e-04,1.086795591280997843e-04,1.247594273941477448e-04,2.128879575909335871e-04,1.015398801495890257e-04,0.000000000000000000e+00,9.532042713756091893e-05,0.000000000000000000e+00,0.000000000000000000e+00
1.065292869368730626e-02,4.049256400243733678e-02,4.456551896837841406e-03,5.917810855932405245e-02,7.515828589165773031e-03,2.189843137009943319e-02,2.543504653496382606e-02,5.393668412378003390e-04,2.731229059237875296e-04,3.437382431143495148e-04,5.274996931641856221e-04,2.508533499865602326e-04,8.438608562598025244e-05,1.584703462872312496e-04,0.000000000000000000e+00,0.000000000000000000e+00
5.326293412905191982e-03,1.716142718540453194e-02,2.229838988406519871e-03,3.737258492529664522e-02,4.724950575073724214e-03,2.243379396759931713e-02,3.123674604399444624e-02,1.944157375132624446e-02,4.981581250767560913e-03,6.700245310849839431e-03,3.117513828227387943e-02,2.639137245550730870e-02,2.963561929885600091e-02,5.885580029811000174e-02,2.566298852395499860e-02,6.344001294329992824e-03
7.201862113753623555e-03,1.790746158336917540e-02,2.212041435164475729e-03,3.671998188477698655e-02,4.510380382480800969e-03,1.312767269414512675e-02,1.556842476490803359e-02,1.633156297321731228e-04,1.159597814267931785e-04,1.331168073152101162e-04,2.271488882425751286e-04,1.083418298961864108e-04,0.000000000000000000e+00,7.559884380750865141e-05,0.000000000000000000e+00,0.000000000000000000e+00
1.617868885786397787e-02,4.112292897269598929e-03,1.700506999407213628e-04,7.283695320594247083e-04,0.000000000000000000e+00,1.020579142494978248e-03,1.665362560309643393e-03,0.000000000000000000e+00,0.000000000000000000e+00,0.000000000000000000e+00,0.000000000000000000e+00,0.000000000000000000e+00,0.000000000000000000e+00,4.737387384350189392e-05,0.000000000000000000e+00,0.000000000000000000e+00
2.082692241889008960e-03,1.782028634002772588e-02,2.450954919660684826e-03,4.165208050357607772e-02,5.371071692036588456e-03,3.103735132287328488e-02,4.504080652564138032e-02,3.474037080908230074e-02,8.850718565658690501e-03,1.191995025316962796e-02,5.573107784102760559e-02,4.723693623800748198e-02,5.312729075357225383e-02,1.054505148427413719e-01,4.600562043832083503e-02,1.137278751984503559e-02
1.423236151925487197e-03,1.202606048220698776e-02,1.685743233423594219e-03,2.868980574060904856e-02,3.750565343913067704e-03,2.516658905203447358e-02,3.745382652127129952e-02,3.189466921226158380e-02,8.106155726442231327e-03,1.092325806978815261e-02,5.117512782234681645e-02,4.339753128809692440e-02,4.884119239869963436e-02,9.692740014885653510e-02,4.229407009802191308e-02,1.045527628997216726e-02
5.745696416066930698e-03,4.043473966949617804e-02,4.360770288776926774e-03,5.362341055055029615e-02,6.927071658189342361e-03,1.996695446762655410e-02,2.288428041592483614e-02,5.979617496495848563e-04,2.818783006083129278e-04,3.628217135989250013e-04,5.424045584532764808e-04,2.577396491214931497e-04,1.096213499847578762e-04,1.478839732370984626e-04,0.000000000000000000e+00,0.000000000000000000e+00
8.668711587645101802e-03,1.066537738907701906e-02,1.317368060451794796e-03,2.141737359069375776e-02,2.776961964075038650e-03,2.060185461753178890e-02,3.107134046426675289e-02,2.686538360659862165e-02,6.821607097679138580e-03,9.194264388369139535e-03,4.310858768015706638e-02,3.656411665209874373e-02,4.116099033703092547e-02,8.170294862773154476e-02,3.564339290505811469e-02,8.811200243219095840e-03
1.644502373871134515e-02,1.431534692659766801e-02,1.217549920423054459e-03,1.169634847590516821e-02,1.465627968409986262e-03,5.203901448771214126e-03,6.346175310059444172e-03,1.724312344765938380e-04,7.336708940566611574e-05,9.771390608668538175e-05,1.403614707706030899e-04,6.661459829650749360e-05,3.769275663825697012e-05,8.214499558501718287e-05,0.000000000000000000e+00,0.000000000000000000e+00
2.856291560404593775e-03,2.489056277759534030e-02,3.329075857454608101e-03,5.645044200625838615e-02,7.127691170116801957e-03,3.079864012851564470e-02,4.192101849504256683e-02,2.339376456631174148e-02,6.018173195524738686e-03,8.087094165077838084e-03,3.750138851449370814e-02,3.171978917553404387e-02,3.557980222282577931e-02,7.066806344615120250e-02,3.081035853919926112e-02,7.616453331964792052e-03
9.579770475339127039e-03,3.243462702870224257e-02,3.192898041064519410e-03,3.285991563884577138e-02,4.338112380907875425e-03,1.293679546209600822e-02,1.475969064848678403e-02,5.103792294231739675e-04,2.171592558015806814e-04,2.892234011073003879e-04,4.154559323898361417e-04,1.971725566432734557e-04,1.115667944167050894e-04,1.286618527987528054e-04,0.000000000000000000e+00,0.000000000000000000e+00
4.433575432655689416e-03,7.240232941993124220e-03,9.301382440897031523e-04,1.534712033510188950e-02,1.996850379633886060e-03,1.445767280830168380e-02,2.173973720427852668e-02,1.878721176034601342e-02,4.771323094338101624e-03,6.430577723595982433e-03,3.014580844311361488e-02,2.556823380547050897e-02,2.878120522787862637e-02,5.712546077887080409e-02,2.492310796748407539e-02,6.161099634084159921e-03
9.368364524268799065e-03,1.778482001919224481e-02,1.791002812046287723e-03,1.928064622078538848e-02,2.650296383804624269e-03,1.912928108633654353e-02,2.836704096649082102e-02,2.434527371636193219e-02,6.192163786722874874e-03,8.354493173257664454e-03,3.887913892536541682e-02,3.293694877406896926e-02,3.707713064468930869e-02,7.351669194314024158e-02,3.205879683724912471e-02,7.925072656301334478e-03
4.775041536883595575e-03,3.789412980106153517e-02,4.553161520241795837e-03,6.852253506023860130e-02,8.597661677853061374e-03,2.451855035798082560e-02,2.855259499454734784e-02,4.579789502878205457e-04,2.648919039641751700e-04,3.206624172158487160e-04,5.147642939624008825e-04,2.451151240596252711e-04,4.631525383433439700e-05,1.378919603774329187e-04,0.000000000000000000e+00,0.000000000000000000e+00
6.288006011838811679e-03,4.490997899513678865e-02,4.915028202867510222e-03,6.236354907561068167e-02,8.017107652091071124e-03,2.306842353925690065e-02,2.650825803938626143e-02,6.484172345741364644e-04,3.131873277121167564e-04,4.000049411138000910e-04,6.034257909120236893e-04,2.868139482624989254e-04,1.130907238781862236e-04,1.641439813664974552e-04,0.000000000000000000e+00,0.000000000000000000e+00
8.371088658649541644e-03,5.527592522036808842e-02,5.566222789363028944e-03,5.782829141748102586e-02,7.685514804542919326e-03,2.237662362348794703e-02,2.526334235174799991e-02,9.042013620776944175e-04,3.847250898228894017e-04,5.123958385248703236e-04,7.360327346681236078e-04,3.493161241743396620e-04,1.976546882369002657e-04,2.027565155938062104e-04,0.000000000000000000e+00,0.000000000000000000e+00
8.838067227263540250e-04,7.088708673764916243e-03,1.073950437557353362e-03,1.838176689355991433e-02,2.529515415745435016e-03,2.552245163058422528e-02,3.994875791352126004e-02,4.019698294614911654e-02,1.017979507643929256e-02,1.372886404072870027e-02,6.451329532782137943e-02,5.474980091740390409e-02,6.167711397506937809e-02,1.223714818215077549e-01,5.340934677865732949e-02,1.320302055923234380e-02
1.231378325462656811e-03,1.000418249758079116e-02,1.487162888351465729e-03,2.542014875065937846e-02,3.456779800157624722e-03,3.222766179134562564e-02,5.003877205979807147e-02,4.913852476746569803e-02,1.245026434232633823e-02,1.678902103165549539e-02,7.886100076255185554e-02,6.691927258555181723e-02,7.537646075856976879e-02,1.495567530663886036e-01,6.527230721641075206e-02,1.613559547354691606e-02
3.327002432480301915e-03,2.162866099224663996e-02,2.344166314254553761e-03,2.613358416433737841e-02,3.679043760968603565e-03,2.820066038111509327e-02,4.227575616058829727e-02,3.872376204420709817e-02,9.838355862142555280e-03,1.327442287653556562e-02,6.189149469486207589e-02,5.245154602565208629e-02,5.905854733757223696e-02,1.170826842932030654e-01,5.107714759605411908e-02,1.262649087644581412e-02
1.020587679188077190e-02,2.797388245327699606e-03,1.761530981312987062e-04,1.688939094473663680e-03,2.227595448741107552e-04,6.309056401831642132e-03,1.044077379109548988e-02,1.101641546533721656e-02,2.782082911603563427e-03,3.754457218152825772e-03,1.768421752277709105e-02,1.501670079789335470e-02,1.692947498842624701e-02,3.361267550393239045e-02,1.466009257182410500e-02,3.624038025183069171e-03
1.163960315381269012e-02,1.246731001824254864e-02,1.102454832627088911e-03,1.080267621997445596e-02,1.375018628018303581e-03,4.643181014216265882e-03,5.563840177858771566e-03,1.617710391503559240e-04,6.883132472268388760e-05,9.167295110462771255e-05,1.316839205620544612e-04,6.249629205358582984e-05,3.536248190950582197e-05,6.597249332965070137e-05,0.000000000000000000e+00,0.000000000000000000e+00
1.112627736292130451e-02,3.338752187851910629e-03,2.900043086540897647e-04,3.589839239450118638e-03,5.596641506108358420e-04,1.493532260657765703e-02,2.473742303592557298e-02,2.767779404320638847e-02,6.989743449742918772e-03,9.432750058767199602e-03,4.443007182787866299e-02,3.772816604460031698e-02,4.253384628272390694e-02,8.440644655085063897e-02,3.683221862265404628e-02,9.105083080914379290e-03
6.623659389455362548e-03,4.349200009473835893e-02,4.499432901677650337e-03,4.802862357797076098e-02,6.531542375521174476e-03,3.162834322776257590e-02,4.323487419751456673e-02,2.838051344992620351e-02,7.288718667974114843e-03,9.830940561669601271e-03,4.500219652518071267e-02,3.799976938155750356e-02,4.268762632495279319e-02,8.453215316504383847e-02,3.683238871096311540e-02,9.105125127476956445e-03
3.781936088635203842e-03,2.459787059341926943e-02,2.660165514827938019e-03,2.959863543462219054e-02,4.160616571839851306e-03,3.139216046481166367e-02,4.694684341615257273e-02,4.269814977883136520e-02,1.085022968817128328e-02,1.463960421551947430e-02,6.823398508239378324e-02,5.782289831885697312e-02,6.510381909138096557e-02,1.290647577629447929e-01,5.630309921029395814e-02,1.391836862380546255e-02
1.316015244512733912e-02,3.411916181105195678e-02,3.310359477865209340e-03,3.385828724016740066e-02,4.450105646409001185e-03,1.348102910455195938e-02,1.548382011225938118e-02,5.235552450558273938e-04,2.227654669956584919e-04,2.966900295173670191e-04,4.261813960142744645e-04,2.022627886489885174e-04,1.144470170875628478e-04,1.417431815070126547e-04,0.000000000000000000e+00,0.000000000000000000e+00
1.059955482109723943e-02,3.752170786944919456e-02,4.190703195018088967e-03,5.754782956624433093e-02,7.268491476662912454e-03,2.117964924627923143e-02,2.468604122052384803e-02,4.799639386509309876e-04,2.516815336772469441e-04,3.134223902034980348e-04,4.869167293379393787e-04,2.316373774540437201e-04,6.845570570985530707e-05,1.484450325394789569e-04,0.000000000000000000e+00,0.000000000000000000e+00
1.563292917888732536e-02,3.973571912448821755e-03,1.643143379756235476e-04,7.037992640058483938e-04,0.000000000000000000e+00,9.861516959897820810e-04,1.609184476641723534e-03,0.000000000000000000e+00,0.000000000000000000e+00,0.000000000000000000e+00,0.000000000000000000e+00,0.000000000000000000e+00,0.000000000000000000e+00,4.577579933895743909e-05,0.000000000000000000e+00,0.000000000000000000e+00
1.385882187466907708e-02,2.057114787700521294e-02,1.902939520245654475e-03,1.905281678186721006e-02,2.465308749611072256e-03,7.882675341366125049e-03,9.253969146588386305e-03,2.900437493169284666e-04,1.234095768802156588e-04,1.643629576034356574e-04,2.360997261634194928e-04,1.120513224173593734e-04,6.340236727200721368e-05,9.775704243400714700e-05,0.000000000000000000e+00,0.000000000000000000e+00
3.220337209622047350e-03,2.377210809250306436e-02,2.739147327003475449e-03,3.759556218823477403e-02,4.843517203119145076e-03,1.855391448523168937e-02,2.408508102808901152e-02,1.055018060104617045e-02,2.748187640667373779e-03,3.692688614944158922e-03,1.674095613834990920e-02,1.409692922168599531e-02,1.576988392801420905e-02,3.127369872780876719e-02,1.361448711077895869e-02,3.365559851760785339e-03
1.752781201217863682e-03,1.475581974367880939e-02,2.079992996777259382e-03,3.541462675373810431e-02,4.647976270718467452e-03,3.242419450697338335e-02,4.853897215863030995e-02,4.222755333903938091e-02,1.072703295789704039e-02,1.445659589199830425e-02,6.775675071959839924e-02,5.746504032469491180e-02,6.468191329210945528e-02,1.283597347301880520e-01,5.601135517984381224e-02,1.384624824292849873e-02
6.220627334451347967e-03,1.905709294181411745e-02,1.913164780859000907e-03,2.014958908126123632e-02,2.714521746829117333e-03,1.298618377038440394e-02,1.767428230499529587e-02,1.097078697000158920e-02,2.821399872474093882e-03,3.805306629892240850e-03,1.737837403735828165e-02,1.466736126965991274e-02,1.647186574480246496e-02,3.262373074498679110e-02,1.420818009147637763e-02,3.512323313641436528e-03
5.449970367062852497e-03,3.579348634426324227e-02,3.699002210628178806e-03,3.944297186861130122e-02,5.359278672425078598e-03,2.556334708815130932e-02,3.480485596090722444e-02,2.243642432900565600e-02,5.766142159606585035e-03,7.777136162426495462e-03,3.555855550875700044e-02,3.001845235275224857e-02,3.371659322409503723e-02,6.676233098765865792e-02,2.908740119432924598e-02,7.190530855487519898e-03
7.146429761862444809e-03,1.233544954675367712e-02,1.206380697197588243e-03,1.268308223777246495e-02,1.710816816740388414e-03,1.025134149524131386e-02,1.468652465680102270e-02,1.098399061862872540e-02,2.804257641769668328e-03,3.783062815739758524e-03,1.749325214379583368e-02,1.480101099666389190e-02,1.664822460989818370e-02,3.300428352992386405e-02,1.438331033451145484e-02,3.555616264010555330e-03
9.183811451693281794e-03,1.447978866877893712e-02,1.710451644795426239e-03,2.790899242745844069e-02,3.407411930536361020e-03,1.015355215832994783e-02,1.214661944447750080e-02,1.233784244348784076e-04,8.760297562280505690e-05,1.005644222741312519e-04,1.716018974391048948e-04,8.184791801558832889e-05,0.000000000000000000e+00,6.807229595801186309e-05,0.000000000000000000e+00,0.000000000000000000e+00
1.015584524182700649e-02,3.791888773766229070e-02,4.251875507659444442e-03,5.860577776491264490e-02,7.402763282319625715e-03,2.152924804431022993e-02,2.508071205018849378e-02,4.855879494375268599e-04,2.553614739117554436e-04,3.177329527170807228e-04,4.941037952970237348e-04,2.350632239465746183e-04,6.869639130781330836e-05,1.488724756517403598e-04,0.000000000000000000e+00,0.000000000000000000e+00
1.007853710258149911e-02,1.830827490899856330e-02,1.832070136568221021e-03,1.964654646265721546e-02,2.692844012986275043e-03,1.911173249369888666e-02,2.825893366971550871e-02,2.394993322484164147e-02,6.093355425525190557e-03,8.221105202970086304e-03,3.823979826197448917e-02,3.239222997971596268e-02,3.646173445554258541e-02,7.229660798773639152e-02,3.152476574300155238e-02,7.793057869716498408e-03
2.783312900000000159e-02,7.074613999999999903e-03,2.925480000000000051e-04,1.253056000000000005e-03,0.000000000000000000e+00,1.755760999999999997e-03,2.865018999999999899e-03,0.000000000000000000e+00,0.000000000000000000e+00,0.000000000000000000e+00,0.000000000000000000e+00,0.000000000000000000e+00,0.000000000000000000e+00,8.150000000000000235e-05,0.000000000000000000e+00,0.000000000000000000e+00
4.031109999999999967e-04,1.831340000000000095e-03,5.901170000000000287e-04,1.047555799999999940e-02,1.894712999999999909e-03,4.821203899999999820e-02,7.991139799999999460e-02,9.370168900000000467e-02,2.366340200000000005e-02,3.193407000000000190e-02,1.504156279999999957e-01,1.277266850000000065e-01,1.439960580000000101e-01,2.856443869999999996e-01,1.246935029999999972e-01,3.082477100000000081e-02
1.231585999999999965e-02,8.132401699999999845e-02,8.189236000000000779e-03,8.507915400000000405e-02,1.130721800000000082e-02,3.292132899999999918e-02,3.716837800000000192e-02,1.330295000000000002e-03,5.660220000000000095e-04,7.538560000000000139e-04,1.082878999999999916e-03,5.139269999999999602e-04,2.907969999999999739e-04,2.983029999999999796e-04,0.000000000000000000e+00,0.000000000000000000e+00
6.565861000000000093e-03,5.820641900000000230e-02,7.581880000000000043e-03,1.282882979999999951e-01,1.586162500000000072e-02,4.498253199999999868e-02,5.281821500000000169e-02,5.743309999999999735e-04,4.077950000000000216e-04,4.681309999999999942e-04,7.988129999999999970e-04,3.810050000000000155e-04,0.000000000000000000e+00,2.109230000000000133e-04,0.000000000000000000e+00,0.000000000000000000e+00
2.114440000000000037e-04,1.466178000000000056e-03,7.295859999999999498e-04,4.167627000000000137e-03,3.941209999999999896e-04,1.525172699999999965e-02,2.396215200000000045e-02,8.776706999999999911e-03,5.829604999999999856e-03,8.913087000000000093e-03,4.712906699999999671e-02,3.259557099999999680e-02,5.516593499999999928e-02,1.242576430000000010e-01,6.906380400000000641e-02,8.902712000000000125e-03
